{
    "6GB": {
        "uuid": "04577598-8a07-4dbc-a26e-0654531378fe",
        "total_limit_bytes": 6442450944,
        "used_bytes": 891660915,
        "clean_ip": "172.64.149.23",
        "status": "ONLINE",
        "last_active_time": 1780263261.6800692,
        "down_speed": 1294896,
        "up_speed": 54114,
        "created_at": 1780233349,
        "expire_seconds": 2592000,
        "active": true
    },
    "5GB": {
        "uuid": "b68e8582-0e9f-4aa8-9d62-df7faa299249",
        "total_limit_bytes": 6442450944,
        "used_bytes": 975999133,
        "clean_ip": "172.64.149.23",
        "status": "OFFLINE",
        "last_active_time": 1780261831.0558546,
        "down_speed": 0,
        "up_speed": 0,
        "created_at": 1780233496,
        "expire_seconds": 2592000,
        "active": true
    },
    "20GB": {
        "uuid": "b734433b-30f3-43d2-b4f9-c91af64d22d3",
        "total_limit_bytes": 21474836480,
        "used_bytes": 96989236,
        "clean_ip": "172.64.149.23",
        "status": "ONLINE",
        "last_active_time": 1780263257.877239,
        "down_speed": 999831,
        "up_speed": 53492,
        "created_at": 1780242102,
        "expire_seconds": 2592000,
        "active": true
    }
}