{
    "6GB": {
        "uuid": "04577598-8a07-4dbc-a26e-0654531378fe",
        "total_limit_bytes": 6442450944,
        "used_bytes": 863190851,
        "clean_ip": "172.64.149.23",
        "status": "OFFLINE",
        "last_active_time": 1780261279.7522514,
        "down_speed": 0,
        "up_speed": 0,
        "created_at": 1780233349,
        "expire_seconds": 2592000,
        "active": true
    },
    "5GB": {
        "uuid": "b68e8582-0e9f-4aa8-9d62-df7faa299249",
        "total_limit_bytes": 6442450944,
        "used_bytes": 946850665,
        "clean_ip": "172.64.149.23",
        "status": "ONLINE",
        "last_active_time": 1780261312.7812471,
        "down_speed": 1364133,
        "up_speed": 61044,
        "created_at": 1780233496,
        "expire_seconds": 2592000,
        "active": true
    },
    "20GB": {
        "uuid": "b734433b-30f3-43d2-b4f9-c91af64d22d3",
        "total_limit_bytes": 21474836480,
        "used_bytes": 52270865,
        "clean_ip": "172.64.149.23",
        "status": "ONLINE",
        "last_active_time": 1780261319.5878031,
        "down_speed": 1302916,
        "up_speed": 60173,
        "created_at": 1780242102,
        "expire_seconds": 2592000,
        "active": true
    }
}