{
    "6GB": {
        "uuid": "04577598-8a07-4dbc-a26e-0654531378fe",
        "total_limit_bytes": 6442450944,
        "used_bytes": 861910957,
        "clean_ip": "172.64.149.23",
        "status": "OFFLINE",
        "last_active_time": 1780252602.53533,
        "down_speed": 0,
        "up_speed": 0,
        "created_at": 1780233349,
        "expire_seconds": 2592000,
        "active": true
    },
    "5GB": {
        "uuid": "b68e8582-0e9f-4aa8-9d62-df7faa299249",
        "total_limit_bytes": 6442450944,
        "used_bytes": 904647481,
        "clean_ip": "172.64.149.23",
        "status": "OFFLINE",
        "last_active_time": 1780255336.9453247,
        "down_speed": 0,
        "up_speed": 0,
        "created_at": 1780233496,
        "expire_seconds": 2592000,
        "active": true
    },
    "T": {
        "uuid": "d3e7e376-0d78-46f3-9855-4b6b2dfd9997",
        "total_limit_bytes": 104857600,
        "used_bytes": 10863443,
        "clean_ip": "172.64.149.23",
        "status": "OFFLINE",
        "last_active_time": 1780237628.8305488,
        "down_speed": 0,
        "up_speed": 0,
        "created_at": 1780237624,
        "expire_seconds": 2592000,
        "active": false
    },
    "TEST": {
        "uuid": "b0248e87-ecb4-4ef8-9ca0-79e2f9d275b0",
        "total_limit_bytes": 104857600,
        "used_bytes": 105998600,
        "clean_ip": "172.64.149.23",
        "status": "EXPIRED",
        "last_active_time": 1780241761.871941,
        "down_speed": 0,
        "up_speed": 0,
        "created_at": 1780237650,
        "expire_seconds": 2592000,
        "active": false
    },
    "100MB": {
        "uuid": "aae68598-2ae1-41a6-94a6-82d3e32fae70",
        "total_limit_bytes": 104857600,
        "used_bytes": 0,
        "clean_ip": "172.64.149.23",
        "status": "OFFLINE",
        "last_active_time": 0,
        "down_speed": 0,
        "up_speed": 0,
        "created_at": 1780240629,
        "expire_seconds": 2592000,
        "active": false
    },
    "100": {
        "uuid": "3b52735c-9c2d-4947-92b5-bf9ee0bcd307",
        "total_limit_bytes": 104857600,
        "used_bytes": 22262785,
        "clean_ip": "104.16.123.96",
        "status": "OFFLINE",
        "last_active_time": 1780242526.0301335,
        "down_speed": 0,
        "up_speed": 0,
        "created_at": 1780241165,
        "expire_seconds": 86400,
        "active": false
    },
    "67TEST": {
        "uuid": "7f2af0e4-7486-450c-a3bf-88cf87f567c3",
        "total_limit_bytes": 104857600,
        "used_bytes": 8276535,
        "clean_ip": "172.64.149.23",
        "status": "OFFLINE",
        "last_active_time": 1780241868.1176717,
        "down_speed": 0,
        "up_speed": 0,
        "created_at": 1780241699,
        "expire_seconds": 2592000,
        "active": false
    },
    "20GB": {
        "uuid": "b734433b-30f3-43d2-b4f9-c91af64d22d3",
        "total_limit_bytes": 21474836480,
        "used_bytes": 36512714,
        "clean_ip": "172.64.149.23",
        "status": "OFFLINE",
        "last_active_time": 1780256051.8020556,
        "down_speed": 0,
        "up_speed": 0,
        "created_at": 1780242102,
        "expire_seconds": 2592000,
        "active": true
    },
    "ALI": {
        "uuid": "1c51959c-9c6c-4951-a134-35cf1b1b18ef",
        "total_limit_bytes": 0,
        "used_bytes": 140458622,
        "clean_ip": "172.64.149.23",
        "status": "OFFLINE",
        "last_active_time": 1780257405.34039,
        "down_speed": 0,
        "up_speed": 0,
        "created_at": 1780258769,
        "expire_seconds": 2592000,
        "active": false
    }
}