{
    "6GB": {
        "uuid": "04577598-8a07-4dbc-a26e-0654531378fe",
        "total_limit_bytes": 6442450944,
        "used_bytes": 909741864,
        "clean_ip": "172.64.149.23",
        "status": "OFFLINE",
        "last_active_time": 1780263663.440417,
        "down_speed": 0,
        "up_speed": 0,
        "created_at": 1780233349,
        "expire_seconds": 2592000,
        "active": true
    },
    "5GB": {
        "uuid": "b68e8582-0e9f-4aa8-9d62-df7faa299249",
        "total_limit_bytes": 6442450944,
        "used_bytes": 975999133,
        "clean_ip": "172.64.149.23",
        "status": "OFFLINE",
        "last_active_time": 1780261831.0558546,
        "down_speed": 0,
        "up_speed": 0,
        "created_at": 1780233496,
        "expire_seconds": 2592000,
        "active": true
    },
    "20GB": {
        "uuid": "b734433b-30f3-43d2-b4f9-c91af64d22d3",
        "total_limit_bytes": 21474836480,
        "used_bytes": 129835963,
        "clean_ip": "172.64.149.23",
        "status": "ONLINE",
        "last_active_time": 1780263707.9070613,
        "down_speed": 1484814,
        "up_speed": 70588,
        "created_at": 1780242102,
        "expire_seconds": 2592000,
        "active": true
    },
    "OWENR": {
        "uuid": "a2b2adc9-e175-4a0c-a240-fa53e52e4608",
        "total_limit_bytes": 0,
        "used_bytes": 59794462,
        "clean_ip": "172.64.149.23",
        "status": "ONLINE",
        "last_active_time": 1780263703.1030967,
        "down_speed": 0,
        "up_speed": 0,
        "created_at": 1780263418,
        "expire_seconds": 2592000,
        "active": true
    },
    "F44mir": {
        "uuid": "0cc621a8-5a0a-4133-9e80-43294b1febac",
        "total_limit_bytes": 1073741824,
        "used_bytes": 0,
        "clean_ip": "172.64.149.23",
        "status": "OFFLINE",
        "last_active_time": 0,
        "down_speed": 0,
        "up_speed": 0,
        "created_at": 1780263712,
        "expire_seconds": 2592000,
        "active": true
    }
}