{
    "6GB": {
        "uuid": "04577598-8a07-4dbc-a26e-0654531378fe",
        "total_limit_bytes": 6442450944,
        "used_bytes": 1372102654,
        "clean_ip": "172.64.149.23",
        "status": "OFFLINE",
        "last_active_time": 1780350950.0183423,
        "down_speed": 0,
        "up_speed": 0,
        "created_at": 1780233349,
        "expire_seconds": 2592000,
        "active": true
    },
    "5GB": {
        "uuid": "b68e8582-0e9f-4aa8-9d62-df7faa299249",
        "total_limit_bytes": 6442450944,
        "used_bytes": 975999133,
        "clean_ip": "172.64.149.23",
        "status": "OFFLINE",
        "last_active_time": 1780261831.0558546,
        "down_speed": 0,
        "up_speed": 0,
        "created_at": 1780233496,
        "expire_seconds": 2592000,
        "active": true
    },
    "20GB": {
        "uuid": "b734433b-30f3-43d2-b4f9-c91af64d22d3",
        "total_limit_bytes": 21474836480,
        "used_bytes": 314008735,
        "clean_ip": "172.64.149.23",
        "status": "OFFLINE",
        "last_active_time": 1780361111.737039,
        "down_speed": 0,
        "up_speed": 0,
        "created_at": 1780242102,
        "expire_seconds": 2592000,
        "active": true
    },
    "OWENR": {
        "uuid": "a2b2adc9-e175-4a0c-a240-fa53e52e4608",
        "total_limit_bytes": 0,
        "used_bytes": 2705871213,
        "clean_ip": "172.64.149.23",
        "status": "ONLINE",
        "last_active_time": 1780370192.429816,
        "down_speed": 1204666,
        "up_speed": 69308,
        "created_at": 1780263418,
        "expire_seconds": 2592000,
        "active": true
    },
    "F44mir": {
        "uuid": "0cc621a8-5a0a-4133-9e80-43294b1febac",
        "total_limit_bytes": 1073741824,
        "used_bytes": 54639643,
        "clean_ip": "172.64.149.23",
        "status": "OFFLINE",
        "last_active_time": 1780265705.0287058,
        "down_speed": 0,
        "up_speed": 0,
        "created_at": 1780263712,
        "expire_seconds": 2592000,
        "active": true
    },
    "TEST": {
        "uuid": "7af8ec1f-0b50-467b-87c5-75b542e4e730",
        "total_limit_bytes": 104857600,
        "used_bytes": 7190913,
        "clean_ip": "104.17.96.13",
        "status": "OFFLINE",
        "last_active_time": 1780307860.7344627,
        "down_speed": 0,
        "up_speed": 0,
        "created_at": 1780264519,
        "expire_seconds": 2592000,
        "active": true
    },
    "Uncle": {
        "uuid": "27807565-421f-428c-a5d0-ee02cf9c6f29",
        "total_limit_bytes": 0,
        "used_bytes": 58237335,
        "clean_ip": "172.64.149.23",
        "status": "OFFLINE",
        "last_active_time": 1780346067.5341926,
        "down_speed": 0,
        "up_speed": 0,
        "created_at": 1780308094,
        "expire_seconds": 2592000,
        "active": true
    }
}