{
    "Main_kill_pv2": {
        "uuid": "b6a00fb0-460e-4323-96af-3ba2f48470ee",
        "total_limit_bytes": 0,
        "used_bytes": 509068,
        "clean_ip": "speed.cloudflare.com",
        "status": "OFFLINE",
        "last_active_time": 1780220516.1369526,
        "down_speed": 0,
        "up_speed": 0,
        "created_at": 1780220294,
        "expire_seconds": 31536000,
        "active": true
    },
    "Jhj": {
        "uuid": "46d76443-b403-46da-ae00-fceee222265e",
        "total_limit_bytes": 1788853878784,
        "used_bytes": 71441872690,
        "clean_ip": "172.64.149.23",
        "status": "OFFLINE",
        "last_active_time": 1780226590.5261242,
        "down_speed": 0,
        "up_speed": 0,
        "created_at": 1780220621,
        "expire_seconds": 2592000,
        "active": true
    },
    "AOGE": {
        "uuid": "ae1a04f2-fe6e-4154-90e0-1a1932dddd40",
        "total_limit_bytes": 53687091200,
        "used_bytes": 26961905347,
        "clean_ip": "172.64.149.23",
        "status": "OFFLINE",
        "last_active_time": 1780223919.9014523,
        "down_speed": 0,
        "up_speed": 0,
        "created_at": 1780223183,
        "expire_seconds": 2592000,
        "active": true
    },
    "admin": {
        "uuid": "1e768823-1c9f-492f-9232-0813515f5870",
        "total_limit_bytes": 16106127360,
        "used_bytes": 893677158,
        "clean_ip": "172.64.149.23",
        "status": "ONLINE",
        "last_active_time": 1780238537.3407545,
        "down_speed": 815881,
        "up_speed": 60291,
        "created_at": 1780223842,
        "expire_seconds": 2592000,
        "active": true
    },
    "6GB": {
        "uuid": "04577598-8a07-4dbc-a26e-0654531378fe",
        "total_limit_bytes": 6442450944,
        "used_bytes": 779091968,
        "clean_ip": "172.64.149.23",
        "status": "OFFLINE",
        "last_active_time": 0,
        "down_speed": 0,
        "up_speed": 0,
        "created_at": 1780233349,
        "expire_seconds": 2592000,
        "active": true
    },
    "5GB": {
        "uuid": "b68e8582-0e9f-4aa8-9d62-df7faa299249",
        "total_limit_bytes": 6442450944,
        "used_bytes": 648634703,
        "clean_ip": "172.64.149.23",
        "status": "OFFLINE",
        "last_active_time": 1780235260.5577872,
        "down_speed": 0,
        "up_speed": 0,
        "created_at": 1780233496,
        "expire_seconds": 2592000,
        "active": true
    },
    "T": {
        "uuid": "d3e7e376-0d78-46f3-9855-4b6b2dfd9997",
        "total_limit_bytes": 104857600,
        "used_bytes": 10863443,
        "clean_ip": "172.64.149.23",
        "status": "OFFLINE",
        "last_active_time": 1780237628.8305488,
        "down_speed": 0,
        "up_speed": 0,
        "created_at": 1780237624,
        "expire_seconds": 2592000,
        "active": false
    },
    "TEST": {
        "uuid": "b0248e87-ecb4-4ef8-9ca0-79e2f9d275b0",
        "total_limit_bytes": 104857600,
        "used_bytes": 44091723,
        "clean_ip": "172.64.149.23",
        "status": "ONLINE",
        "last_active_time": 1780238536.739895,
        "down_speed": 1278032,
        "up_speed": 74303,
        "created_at": 1780237650,
        "expire_seconds": 2592000,
        "active": true
    }
}