{
    "6GB": {
        "uuid": "04577598-8a07-4dbc-a26e-0654531378fe",
        "total_limit_bytes": 6442450944,
        "used_bytes": 1911505884,
        "clean_ip": "172.64.149.23",
        "status": "OFFLINE",
        "last_active_time": 1781562360.509098,
        "down_speed": 0,
        "up_speed": 0,
        "created_at": 1780233349,
        "expire_seconds": 2592000,
        "active": true
    },
    "5GB": {
        "uuid": "b68e8582-0e9f-4aa8-9d62-df7faa299249",
        "total_limit_bytes": 6442450944,
        "used_bytes": 1100507970,
        "clean_ip": "172.64.149.23",
        "status": "OFFLINE",
        "last_active_time": 1780511941.5017936,
        "down_speed": 0,
        "up_speed": 0,
        "created_at": 1780233496,
        "expire_seconds": 2592000,
        "active": true
    },
    "20GB": {
        "uuid": "b734433b-30f3-43d2-b4f9-c91af64d22d3",
        "total_limit_bytes": 21474836480,
        "used_bytes": 916732115,
        "clean_ip": "172.64.149.23",
        "status": "OFFLINE",
        "last_active_time": 1780521354.4932528,
        "down_speed": 0,
        "up_speed": 0,
        "created_at": 1780242102,
        "expire_seconds": 2592000,
        "active": true
    },
    "OWENR": {
        "uuid": "a2b2adc9-e175-4a0c-a240-fa53e52e4608",
        "total_limit_bytes": 0,
        "used_bytes": 5091814413,
        "clean_ip": "172.64.149.23",
        "status": "OFFLINE",
        "last_active_time": 1781006845.3716261,
        "down_speed": 0,
        "up_speed": 0,
        "created_at": 1780263418,
        "expire_seconds": 2592000,
        "active": true
    },
    "F44mir": {
        "uuid": "0cc621a8-5a0a-4133-9e80-43294b1febac",
        "total_limit_bytes": 1073741824,
        "used_bytes": 54639643,
        "clean_ip": "172.64.149.23",
        "status": "OFFLINE",
        "last_active_time": 1780265705.0287058,
        "down_speed": 0,
        "up_speed": 0,
        "created_at": 1780263712,
        "expire_seconds": 2592000,
        "active": true
    },
    "TEST": {
        "uuid": "7af8ec1f-0b50-467b-87c5-75b542e4e730",
        "total_limit_bytes": 104857600,
        "used_bytes": 7190913,
        "clean_ip": "104.17.96.13",
        "status": "OFFLINE",
        "last_active_time": 1780307860.7344627,
        "down_speed": 0,
        "up_speed": 0,
        "created_at": 1780264519,
        "expire_seconds": 2592000,
        "active": true
    },
    "Uncle": {
        "uuid": "27807565-421f-428c-a5d0-ee02cf9c6f29",
        "total_limit_bytes": 0,
        "used_bytes": 11361880548,
        "clean_ip": "172.64.149.23",
        "status": "ONLINE",
        "last_active_time": 1781571324.3919556,
        "down_speed": 466485,
        "up_speed": 73934,
        "created_at": 1780308094,
        "expire_seconds": 2592000,
        "active": true
    }
}