{
    "Main_kill_pv2": {
        "uuid": "b6a00fb0-460e-4323-96af-3ba2f48470ee",
        "total_limit_bytes": 0,
        "used_bytes": 509068,
        "clean_ip": "speed.cloudflare.com",
        "status": "OFFLINE",
        "last_active_time": 1780220516.1369526,
        "down_speed": 0,
        "up_speed": 0,
        "created_at": 1780220294,
        "expire_seconds": 31536000,
        "active": true
    },
    "5GB": {
        "uuid": "1512d942-8c32-4c76-bedb-be5c4baf8b12",
        "total_limit_bytes": 536870912000,
        "used_bytes": 166429982720,
        "clean_ip": "172.64.149.23",
        "status": "OFFLINE",
        "last_active_time": 0,
        "down_speed": 0,
        "up_speed": 0,
        "created_at": 1780220390,
        "expire_seconds": 2592000,
        "active": true
    },
    "Jhj": {
        "uuid": "46d76443-b403-46da-ae00-fceee222265e",
        "total_limit_bytes": 1788853878784,
        "used_bytes": 71441872690,
        "clean_ip": "172.64.149.23",
        "status": "OFFLINE",
        "last_active_time": 1780226590.5261242,
        "down_speed": 0,
        "up_speed": 0,
        "created_at": 1780220621,
        "expire_seconds": 2592000,
        "active": true
    },
    "AOGE": {
        "uuid": "ae1a04f2-fe6e-4154-90e0-1a1932dddd40",
        "total_limit_bytes": 53687091200,
        "used_bytes": 26961905347,
        "clean_ip": "172.64.149.23",
        "status": "OFFLINE",
        "last_active_time": 1780223919.9014523,
        "down_speed": 0,
        "up_speed": 0,
        "created_at": 1780223183,
        "expire_seconds": 2592000,
        "active": true
    },
    "admin": {
        "uuid": "1e768823-1c9f-492f-9232-0813515f5870",
        "total_limit_bytes": 16106127360,
        "used_bytes": 14937934,
        "clean_ip": "172.64.149.23",
        "status": "ONLINE",
        "last_active_time": 1780227668.1051042,
        "down_speed": 412948,
        "up_speed": 75359,
        "created_at": 1780223842,
        "expire_seconds": 2592000,
        "active": true
    }
}